-- phpMyAdmin SQL Dump
-- version 5.0.3
-- https://www.phpmyadmin.net/
--
-- Host: 127.0.0.1
-- Generation Time: Oct 16, 2021 at 03:23 AM
-- Server version: 10.4.14-MariaDB
-- PHP Version: 7.4.11

SET SQL_MODE = "NO_AUTO_VALUE_ON_ZERO";
START TRANSACTION;
SET time_zone = "+00:00";


/*!40101 SET @OLD_CHARACTER_SET_CLIENT=@@CHARACTER_SET_CLIENT */;
/*!40101 SET @OLD_CHARACTER_SET_RESULTS=@@CHARACTER_SET_RESULTS */;
/*!40101 SET @OLD_COLLATION_CONNECTION=@@COLLATION_CONNECTION */;
/*!40101 SET NAMES utf8mb4 */;

--
-- Database: `database_batik_galih`
--

-- --------------------------------------------------------

--
-- Table structure for table `customers`
--

CREATE TABLE `customers` (
  `id` int(10) NOT NULL,
  `nama` varchar(250) NOT NULL,
  `no_telp` varchar(100) NOT NULL,
  `email` varchar(100) NOT NULL,
  `pekerjaan` varchar(100) NOT NULL,
  `daerah` varchar(250) NOT NULL,
  `username` varchar(100) NOT NULL,
  `password` varchar(100) NOT NULL,
  `jenis` varchar(10) NOT NULL,
  `role` varchar(100) NOT NULL
) ENGINE=InnoDB DEFAULT CHARSET=utf8mb4;

--
-- Dumping data for table `customers`
--

INSERT INTO `customers` (`id`, `nama`, `no_telp`, `email`, `pekerjaan`, `daerah`, `username`, `password`, `jenis`, `role`) VALUES
(1, 'hakeem', '0812', 'hakeem@mail.com', 'oke', 'jakarta', 'hakeem', 'hakeem', 'lama', 'member'),
(3, 'admin', 'admin', 'admin@email.com', 'admin', 'Jawa Tengah', 'admin', 'admin', 'baru', 'admin'),
(4, 'new admin', '0812', 'admin@gmail.com', 'new admin', 'Jawa Timur', 'newadmin', 'newadmin', 'baru', 'admin'),
(5, 'mulwedi', '0812', 'mulwed@mail.com', 'mulwedi', 'Jawa Timur', 'mlwdCANTIQ', 'mulwed', 'baru', 'member'),
(6, 'Galih', '456879', 'j@gmail.com', 'mahasiswa', 'purwokerto', 'galih', 'galih', 'baru', 'member'),
(7, 'pri', '1234', 'kakak@gmail.com', 'sasa', 'surabaya', 'Freehahn', 'sasa', 'lama', 'member');

-- --------------------------------------------------------

--
-- Table structure for table `harga_kain`
--

CREATE TABLE `harga_kain` (
  `id` int(11) NOT NULL,
  `harga` decimal(20,2) NOT NULL
) ENGINE=InnoDB DEFAULT CHARSET=utf8mb4;

--
-- Dumping data for table `harga_kain`
--

INSERT INTO `harga_kain` (`id`, `harga`) VALUES
(1, '1.80');

-- --------------------------------------------------------

--
-- Table structure for table `harga_kirim`
--

CREATE TABLE `harga_kirim` (
  `id` int(10) NOT NULL,
  `asal_daerah` varchar(100) NOT NULL,
  `delivery_time` int(10) NOT NULL,
  `harga` int(20) NOT NULL
) ENGINE=InnoDB DEFAULT CHARSET=utf8mb4;

--
-- Dumping data for table `harga_kirim`
--

INSERT INTO `harga_kirim` (`id`, `asal_daerah`, `delivery_time`, `harga`) VALUES
(1, 'jakarta', 3, 16000),
(2, 'bandung', 3, 17000),
(3, 'semarang', 2, 11000),
(4, 'surabaya', 3, 17000),
(5, 'solo', 2, 11000),
(6, 'cirebon', 3, 17000),
(7, 'purwokerto', 5, 15000),
(8, 'jember', 4, 16000),
(9, 'cilacap', 2, 11000),
(10, 'madiun', 4, 16000);

-- --------------------------------------------------------

--
-- Table structure for table `harga_mesin`
--

CREATE TABLE `harga_mesin` (
  `id` int(10) NOT NULL,
  `jenis` varchar(100) NOT NULL,
  `harga` int(20) NOT NULL,
  `version` int(100) NOT NULL
) ENGINE=InnoDB DEFAULT CHARSET=utf8mb4;

--
-- Dumping data for table `harga_mesin`
--

INSERT INTO `harga_mesin` (`id`, `jenis`, `harga`, `version`) VALUES
(1, 'baru', 10000, 1002),
(2, 'lama', 5000, 1001);

-- --------------------------------------------------------

--
-- Table structure for table `harga_teknik`
--

CREATE TABLE `harga_teknik` (
  `id` int(10) NOT NULL,
  `jenis` varchar(100) NOT NULL,
  `harga` int(20) NOT NULL,
  `version` int(100) NOT NULL
) ENGINE=InnoDB DEFAULT CHARSET=utf8mb4;

--
-- Dumping data for table `harga_teknik`
--

INSERT INTO `harga_teknik` (`id`, `jenis`, `harga`, `version`) VALUES
(1, 'celup', 40000, 1001),
(2, 'colet', 80000, 1001);

-- --------------------------------------------------------

--
-- Table structure for table `harga_warna`
--

CREATE TABLE `harga_warna` (
  `id` int(10) NOT NULL,
  `jenis` varchar(100) NOT NULL,
  `harga` int(20) NOT NULL,
  `version` int(100) NOT NULL
) ENGINE=InnoDB DEFAULT CHARSET=utf8mb4;

--
-- Dumping data for table `harga_warna`
--

INSERT INTO `harga_warna` (`id`, `jenis`, `harga`, `version`) VALUES
(1, 'Yellow IGK', 11000, 1005),
(2, 'Yellow IRK', 11000, 1003),
(3, 'Orange HR', 25000, 1002),
(4, 'Brown IRRD', 11000, 1002),
(5, 'Blue 04B', 11000, 1002),
(6, 'Grey IRL', 11000, 1002),
(7, 'Violet 14R', 25000, 1003),
(8, 'Rose IR', 25000, 1004),
(9, 'Green IB', 12000, 1001),
(10, 'Putih', 0, 1001);

-- --------------------------------------------------------

--
-- Table structure for table `jtbl_hasilbatik_motif`
--

CREATE TABLE `jtbl_hasilbatik_motif` (
  `hasilbatik_id` int(11) NOT NULL,
  `motif_id` int(11) NOT NULL,
  `urutan` int(11) NOT NULL,
  `ukuran` int(11) NOT NULL
) ENGINE=InnoDB DEFAULT CHARSET=utf8;

--
-- Dumping data for table `jtbl_hasilbatik_motif`
--

INSERT INTO `jtbl_hasilbatik_motif` (`hasilbatik_id`, `motif_id`, `urutan`, `ukuran`) VALUES
(1, 68, 1, 945),
(2, 33, 1, 567),
(2, 110, 2, 869),
(3, 66, 1, 567),
(3, 101, 2, 907),
(4, 6, 1, 454),
(4, 29, 2, 189),
(5, 17, 1, 340),
(5, 11, 2, 567),
(6, 4, 1, 567),
(6, 36, 2, 454),
(7, 65, 1, 491),
(7, 42, 2, 1512),
(7, 17, 3, 567),
(8, 3, 1, 869),
(8, 1, 2, 567),
(9, 2, 1, 567),
(10, 1, 1, 10),
(10, 7, 2, 10),
(11, 1, 1, 22),
(11, 2, 2, 10),
(11, 6, 3, 10),
(12, 1, 1, 10),
(12, 2, 2, 10),
(12, 4, 3, 10),
(13, 7, 1, 10),
(14, 1, 1, 10),
(15, 1, 1, 10),
(16, 1, 1, 10),
(17, 1, 1, 10),
(18, 1, 1, 10),
(19, 1, 1, 10),
(20, 1, 1, 10),
(21, 1, 1, 10),
(22, 1, 1, 10),
(23, 1, 1, 10),
(24, 1, 1, 10),
(25, 1, 1, 10),
(26, 1, 1, 10),
(27, 1, 1, 10),
(28, 1, 1, 10),
(29, 1, 1, 10),
(30, 1, 1, 10),
(31, 1, 1, 10),
(32, 1, 1, 10),
(33, 6, 1, 10),
(34, 8, 1, 10),
(35, 4, 1, 10),
(36, 2, 1, 31),
(37, 6, 1, 31),
(38, 6, 1, 23),
(39, 1, 1, 10),
(39, 2, 2, 10),
(40, 15, 1, 10),
(41, 1, 1, 10),
(41, 6, 2, 10),
(42, 1, 1, 10),
(42, 3, 2, 10),
(43, 2, 1, 10),
(43, 6, 2, 10),
(44, 6, 1, 10),
(44, 5, 2, 10),
(45, 4, 1, 10),
(45, 6, 2, 10),
(46, 6, 1, 10),
(46, 7, 2, 10),
(46, 8, 3, 10),
(47, 4, 1, 10),
(47, 6, 2, 10),
(47, 7, 3, 10),
(48, 1, 1, 10),
(48, 6, 2, 10),
(49, 6, 1, 10),
(50, 6, 1, 10),
(50, 5, 2, 10),
(50, 12, 3, 10),
(51, 1, 1, 10),
(52, 1, 1, 10),
(53, 2, 1, 10),
(54, 1, 1, 10),
(54, 5, 2, 10),
(54, 6, 3, 10),
(55, 1, 1, 10),
(55, 8, 2, 10),
(56, 1, 1, 10),
(57, 1, 1, 10),
(58, 1, 1, 10),
(59, 1, 1, 10),
(60, 1, 1, 10),
(61, 4, 1, 10),
(61, 6, 2, 10),
(62, 1, 1, 10),
(62, 5, 2, 10),
(63, 1, 1, 10),
(63, 8, 2, 10),
(64, 1, 1, 10),
(64, 8, 2, 10),
(65, 1, 1, 10),
(65, 4, 2, 10),
(66, 1, 1, 10),
(66, 6, 2, 10),
(67, 1, 1, 10),
(67, 5, 2, 10),
(67, 6, 3, 10),
(68, 2, 1, 10),
(68, 5, 2, 10),
(68, 6, 3, 10),
(69, 1, 1, 10),
(69, 8, 2, 10),
(70, 2, 1, 10),
(70, 6, 2, 10),
(71, 1, 1, 10),
(72, 1, 1, 10),
(73, 1, 1, 10),
(74, 1, 1, 10),
(75, 1, 1, 10),
(76, 1, 1, 10),
(77, 1, 1, 10),
(78, 1, 1, 10),
(79, 1, 1, 10),
(80, 1, 1, 10),
(81, 1, 1, 10),
(82, 1, 1, 10),
(83, 1, 1, 10),
(84, 1, 1, 10),
(85, 1, 1, 10),
(86, 1, 1, 10),
(87, 1, 1, 10),
(88, 1, 1, 10),
(89, 1, 1, 10),
(90, 1, 1, 10),
(91, 1, 1, 10),
(92, 1, 1, 10),
(93, 1, 1, 10),
(94, 1, 1, 10),
(95, 1, 1, 10),
(96, 1, 1, 10),
(97, 1, 1, 10),
(98, 1, 1, 10),
(99, 1, 1, 10),
(100, 1, 1, 10),
(101, 1, 1, 10),
(102, 1, 1, 10),
(103, 1, 1, 10),
(103, 3, 2, 10),
(104, 1, 1, 10),
(105, 1, 1, 10),
(106, 9, 1, 10),
(107, 3, 1, 10),
(108, 101, 1, 10),
(109, 129, 1, 10),
(110, 101, 1, 10),
(111, 101, 1, 30),
(112, 101, 1, 30),
(113, 101, 1, 30),
(114, 101, 1, 10),
(115, 101, 1, 30),
(116, 101, 1, 10),
(117, 101, 1, 10),
(118, 101, 1, 30),
(119, 6, 1, 10),
(119, 86, 2, 10),
(120, 1, 1, 12),
(121, 2, 1, 20),
(122, 1, 1, 20),
(122, 6, 2, 20),
(123, 2, 1, 12);

-- --------------------------------------------------------

--
-- Table structure for table `jtbl_motif_karakter`
--

CREATE TABLE `jtbl_motif_karakter` (
  `motif_id` int(11) NOT NULL,
  `karakter_id` int(11) NOT NULL
) ENGINE=InnoDB DEFAULT CHARSET=utf8;

--
-- Dumping data for table `jtbl_motif_karakter`
--

INSERT INTO `jtbl_motif_karakter` (`motif_id`, `karakter_id`) VALUES
(1, 93),
(1, 42),
(1, 112),
(1, 63),
(1, 91),
(1, 107),
(2, 68),
(2, 57),
(2, 63),
(2, 112),
(2, 93),
(2, 7),
(2, 37),
(2, 6),
(3, 61),
(3, 68),
(3, 112),
(3, 34),
(3, 110),
(3, 64),
(3, 19),
(3, 23),
(3, 51),
(3, 106),
(3, 33),
(4, 19),
(4, 112),
(4, 51),
(4, 61),
(4, 113),
(4, 17),
(4, 88),
(4, 48),
(5, 61),
(5, 68),
(5, 112),
(5, 34),
(5, 110),
(5, 64),
(5, 19),
(5, 23),
(5, 51),
(5, 106),
(5, 33),
(6, 13),
(6, 26),
(6, 51),
(6, 21),
(6, 9),
(6, 33),
(6, 62),
(6, 18),
(6, 91),
(6, 66),
(7, 93),
(7, 72),
(7, 110),
(7, 21),
(7, 9),
(7, 70),
(7, 13),
(7, 26),
(7, 33),
(7, 51),
(7, 62),
(7, 18),
(8, 93),
(8, 72),
(8, 110),
(8, 21),
(8, 9),
(8, 70),
(8, 13),
(8, 26),
(8, 33),
(8, 51),
(8, 62),
(8, 18),
(9, 93),
(9, 72),
(9, 110),
(9, 21),
(9, 9),
(9, 70),
(9, 13),
(9, 26),
(9, 33),
(9, 51),
(9, 62),
(9, 18),
(10, 93),
(10, 72),
(10, 110),
(10, 21),
(10, 9),
(10, 70),
(10, 13),
(10, 26),
(10, 33),
(10, 51),
(10, 62),
(10, 18),
(11, 93),
(11, 72),
(11, 110),
(11, 21),
(11, 9),
(11, 70),
(11, 13),
(11, 26),
(11, 33),
(11, 51),
(11, 62),
(11, 18),
(12, 93),
(12, 72),
(12, 110),
(12, 21),
(12, 9),
(12, 70),
(12, 13),
(12, 26),
(12, 33),
(12, 51),
(12, 62),
(12, 18),
(13, 93),
(13, 72),
(13, 110),
(13, 21),
(13, 9),
(13, 70),
(13, 13),
(13, 26),
(13, 33),
(13, 51),
(13, 62),
(13, 18),
(14, 93),
(14, 72),
(14, 110),
(14, 21),
(14, 9),
(14, 70),
(14, 13),
(14, 26),
(14, 33),
(14, 51),
(14, 62),
(14, 18),
(15, 93),
(15, 72),
(15, 110),
(15, 21),
(15, 9),
(15, 70),
(15, 13),
(15, 26),
(15, 33),
(15, 51),
(15, 62),
(15, 18),
(16, 93),
(16, 72),
(16, 110),
(16, 21),
(16, 9),
(16, 70),
(16, 13),
(16, 26),
(16, 33),
(16, 51),
(16, 62),
(16, 18),
(17, 93),
(17, 72),
(17, 110),
(17, 21),
(17, 9),
(17, 70),
(17, 13),
(17, 26),
(17, 33),
(17, 51),
(17, 62),
(17, 18),
(18, 93),
(18, 72),
(18, 110),
(18, 21),
(18, 9),
(18, 70),
(18, 13),
(18, 26),
(18, 33),
(18, 51),
(18, 62),
(18, 18),
(19, 93),
(19, 72),
(19, 110),
(19, 21),
(19, 9),
(19, 70),
(19, 13),
(19, 26),
(19, 33),
(19, 51),
(19, 62),
(19, 18),
(20, 93),
(20, 72),
(20, 110),
(20, 21),
(20, 9),
(20, 70),
(20, 13),
(20, 26),
(20, 33),
(20, 51),
(20, 62),
(20, 18),
(21, 93),
(21, 72),
(21, 110),
(21, 21),
(21, 9),
(21, 70),
(21, 13),
(21, 26),
(21, 33),
(21, 51),
(21, 62),
(21, 18),
(22, 93),
(22, 72),
(22, 110),
(22, 21),
(22, 9),
(22, 70),
(22, 13),
(22, 26),
(22, 33),
(22, 51),
(22, 62),
(22, 18),
(23, 93),
(23, 72),
(23, 110),
(23, 21),
(23, 9),
(23, 70),
(23, 13),
(23, 26),
(23, 33),
(23, 51),
(23, 62),
(23, 18),
(24, 93),
(24, 72),
(24, 110),
(24, 21),
(24, 9),
(24, 70),
(24, 13),
(24, 26),
(24, 33),
(24, 51),
(24, 62),
(24, 18),
(25, 93),
(25, 72),
(25, 110),
(25, 21),
(25, 9),
(25, 70),
(25, 13),
(25, 26),
(25, 33),
(25, 51),
(25, 62),
(25, 18),
(26, 93),
(26, 72),
(26, 110),
(26, 21),
(26, 9),
(26, 70),
(26, 13),
(26, 26),
(26, 33),
(26, 51),
(26, 62),
(26, 18),
(27, 93),
(27, 72),
(27, 110),
(27, 21),
(27, 9),
(27, 70),
(27, 13),
(27, 26),
(27, 33),
(27, 51),
(27, 62),
(27, 18),
(28, 93),
(28, 72),
(28, 110),
(28, 21),
(28, 9),
(28, 70),
(28, 13),
(28, 26),
(28, 33),
(28, 51),
(28, 62),
(28, 18),
(29, 93),
(29, 72),
(29, 110),
(29, 21),
(29, 9),
(29, 70),
(29, 13),
(29, 26),
(29, 33),
(29, 51),
(29, 62),
(29, 18),
(30, 93),
(30, 72),
(30, 110),
(30, 21),
(30, 9),
(30, 70),
(30, 13),
(30, 26),
(30, 33),
(30, 51),
(30, 62),
(30, 18),
(31, 93),
(31, 72),
(31, 110),
(31, 21),
(31, 9),
(31, 70),
(31, 13),
(31, 26),
(31, 33),
(31, 51),
(31, 62),
(31, 18),
(32, 93),
(32, 72),
(32, 110),
(32, 21),
(32, 9),
(32, 70),
(32, 13),
(32, 26),
(32, 33),
(32, 51),
(32, 62),
(33, 93),
(33, 72),
(33, 110),
(33, 21),
(33, 9),
(33, 70),
(33, 13),
(33, 26),
(33, 33),
(33, 51),
(33, 62),
(33, 18),
(34, 51),
(34, 33),
(34, 26),
(34, 21),
(34, 32),
(34, 93),
(34, 53),
(35, 21),
(35, 33),
(35, 51),
(35, 18),
(35, 26),
(35, 62),
(35, 32),
(35, 100),
(36, 93),
(36, 72),
(36, 110),
(36, 21),
(36, 9),
(36, 70),
(36, 13),
(36, 26),
(36, 33),
(36, 51),
(36, 62),
(36, 18),
(37, 93),
(37, 72),
(37, 110),
(37, 21),
(37, 9),
(37, 70),
(37, 13),
(37, 26),
(37, 33),
(37, 51),
(37, 62),
(37, 18),
(38, 93),
(38, 72),
(38, 110),
(38, 21),
(38, 9),
(38, 70),
(38, 13),
(38, 26),
(38, 33),
(38, 51),
(38, 62),
(38, 18),
(39, 51),
(39, 33),
(39, 26),
(39, 21),
(39, 32),
(39, 93),
(39, 53),
(40, 30),
(40, 99),
(40, 106),
(40, 93),
(40, 108),
(40, 35),
(40, 51),
(40, 54),
(40, 14),
(40, 74),
(40, 82),
(40, 87),
(41, 24),
(41, 18),
(41, 78),
(41, 51),
(41, 26),
(41, 87),
(41, 48),
(41, 5),
(41, 62),
(41, 64),
(41, 33),
(41, 25),
(42, 30),
(42, 99),
(42, 106),
(42, 93),
(42, 108),
(42, 35),
(42, 51),
(42, 54),
(42, 14),
(42, 74),
(42, 82),
(42, 87),
(43, 24),
(43, 18),
(43, 78),
(43, 51),
(43, 26),
(43, 87),
(43, 48),
(43, 5),
(43, 62),
(43, 64),
(43, 33),
(43, 25),
(44, 30),
(44, 99),
(44, 106),
(44, 93),
(44, 108),
(44, 35),
(44, 51),
(44, 54),
(44, 14),
(44, 74),
(44, 82),
(44, 87),
(45, 30),
(45, 103),
(45, 62),
(45, 93),
(45, 76),
(46, 30),
(46, 99),
(46, 106),
(46, 93),
(46, 108),
(46, 35),
(46, 51),
(46, 54),
(46, 14),
(46, 74),
(46, 82),
(46, 87),
(47, 30),
(47, 103),
(47, 62),
(47, 93),
(47, 76),
(48, 24),
(48, 18),
(48, 78),
(48, 51),
(48, 26),
(48, 87),
(48, 48),
(48, 5),
(48, 62),
(48, 64),
(48, 33),
(48, 25),
(49, 24),
(49, 18),
(49, 78),
(49, 51),
(49, 26),
(49, 87),
(49, 48),
(49, 5),
(49, 62),
(49, 64),
(49, 33),
(49, 25),
(50, 30),
(50, 99),
(50, 106),
(50, 93),
(50, 108),
(50, 35),
(50, 51),
(50, 54),
(50, 14),
(50, 74),
(50, 82),
(50, 87),
(51, 24),
(51, 18),
(51, 78),
(51, 51),
(51, 26),
(51, 87),
(51, 48),
(51, 5),
(51, 62),
(51, 64),
(51, 33),
(51, 25),
(52, 24),
(52, 18),
(52, 78),
(52, 51),
(52, 26),
(52, 87),
(52, 48),
(52, 5),
(52, 62),
(52, 64),
(52, 33),
(52, 25),
(53, 24),
(53, 18),
(53, 78),
(53, 51),
(53, 26),
(53, 87),
(53, 48),
(53, 5),
(53, 62),
(53, 64),
(53, 33),
(53, 25),
(54, 30),
(54, 99),
(54, 106),
(54, 93),
(54, 108),
(54, 35),
(54, 51),
(54, 54),
(54, 14),
(54, 74),
(54, 82),
(54, 87),
(55, 30),
(55, 99),
(55, 106),
(55, 93),
(55, 108),
(55, 35),
(55, 51),
(55, 54),
(55, 14),
(55, 74),
(55, 82),
(55, 87),
(56, 25),
(56, 57),
(56, 10),
(56, 15),
(56, 2),
(56, 47),
(56, 90),
(56, 95),
(56, 61),
(56, 70),
(56, 110),
(56, 112),
(57, 33),
(57, 51),
(57, 46),
(57, 30),
(57, 115),
(57, 23),
(57, 47),
(57, 57),
(57, 89),
(58, 112),
(58, 110),
(58, 41),
(58, 3),
(58, 49),
(58, 57),
(58, 99),
(58, 102),
(58, 94),
(58, 62),
(59, 25),
(59, 63),
(59, 26),
(59, 90),
(59, 110),
(59, 18),
(59, 24),
(59, 33),
(59, 112),
(60, 112),
(60, 110),
(60, 41),
(60, 3),
(60, 49),
(60, 57),
(60, 99),
(60, 102),
(60, 94),
(60, 62),
(61, 112),
(61, 110),
(61, 41),
(61, 3),
(61, 49),
(61, 57),
(61, 99),
(61, 102),
(61, 94),
(61, 62),
(62, 112),
(62, 110),
(62, 41),
(62, 3),
(62, 49),
(62, 57),
(62, 99),
(62, 102),
(62, 94),
(62, 62),
(63, 25),
(63, 94),
(63, 26),
(63, 112),
(63, 110),
(63, 73),
(63, 5),
(63, 15),
(63, 113),
(63, 52),
(63, 62),
(63, 75),
(64, 109),
(64, 15),
(64, 65),
(64, 68),
(64, 116),
(64, 2),
(64, 11),
(64, 110),
(64, 27),
(64, 52),
(64, 80),
(64, 83),
(65, 109),
(65, 15),
(65, 65),
(65, 68),
(65, 116),
(65, 2),
(65, 11),
(65, 110),
(65, 27),
(65, 52),
(65, 80),
(65, 83),
(66, 109),
(66, 15),
(66, 65),
(66, 68),
(66, 116),
(66, 2),
(66, 11),
(66, 110),
(66, 27),
(66, 52),
(66, 80),
(66, 83),
(67, 109),
(67, 15),
(67, 65),
(67, 68),
(67, 116),
(67, 2),
(67, 11),
(67, 110),
(67, 27),
(67, 52),
(67, 80),
(67, 83),
(68, 109),
(68, 15),
(68, 65),
(68, 68),
(68, 116),
(68, 2),
(68, 11),
(68, 110),
(68, 27),
(68, 52),
(68, 80),
(68, 83),
(69, 109),
(69, 15),
(69, 65),
(69, 68),
(69, 116),
(69, 2),
(69, 11),
(69, 110),
(69, 27),
(69, 52),
(69, 80),
(69, 83),
(70, 27),
(70, 51),
(70, 99),
(70, 57),
(70, 110),
(70, 80),
(70, 83),
(70, 15),
(70, 68),
(71, 27),
(71, 51),
(71, 99),
(71, 57),
(71, 110),
(71, 80),
(71, 83),
(71, 15),
(71, 68),
(72, 110),
(72, 57),
(72, 68),
(72, 112),
(72, 15),
(72, 83),
(72, 27),
(72, 48),
(72, 39),
(72, 51),
(72, 80),
(73, 68),
(73, 51),
(73, 70),
(73, 49),
(73, 99),
(73, 110),
(73, 15),
(73, 16),
(73, 25),
(73, 94),
(74, 51),
(74, 3),
(74, 68),
(74, 73),
(74, 106),
(74, 112),
(74, 43),
(74, 99),
(74, 104),
(74, 1),
(75, 109),
(75, 15),
(75, 65),
(75, 68),
(75, 116),
(75, 2),
(75, 11),
(75, 110),
(75, 27),
(75, 52),
(75, 80),
(75, 83),
(76, 109),
(76, 15),
(76, 65),
(76, 68),
(76, 116),
(76, 2),
(76, 11),
(76, 110),
(76, 27),
(76, 52),
(76, 80),
(76, 83),
(77, 109),
(77, 15),
(77, 65),
(77, 68),
(77, 116),
(77, 2),
(77, 11),
(77, 110),
(77, 27),
(77, 52),
(77, 80),
(77, 83),
(78, 109),
(78, 15),
(78, 65),
(78, 68),
(78, 116),
(78, 2),
(78, 11),
(78, 110),
(78, 27),
(78, 52),
(78, 80),
(78, 83),
(79, 109),
(79, 15),
(79, 65),
(79, 68),
(79, 116),
(79, 2),
(79, 11),
(79, 110),
(79, 27),
(79, 52),
(79, 80),
(79, 83),
(80, 30),
(80, 99),
(80, 110),
(80, 113),
(80, 82),
(80, 74),
(80, 76),
(80, 87),
(80, 93),
(80, 51),
(80, 114),
(81, 30),
(81, 99),
(81, 110),
(81, 113),
(81, 82),
(81, 74),
(81, 76),
(81, 87),
(81, 93),
(81, 51),
(81, 114),
(82, 110),
(82, 113),
(82, 82),
(82, 74),
(82, 76),
(82, 87),
(82, 93),
(82, 51),
(82, 114),
(83, 7),
(83, 24),
(83, 30),
(83, 99),
(83, 110),
(83, 113),
(83, 82),
(83, 74),
(83, 76),
(83, 87),
(83, 93),
(83, 51),
(83, 114),
(84, 110),
(84, 113),
(84, 82),
(84, 74),
(84, 76),
(84, 87),
(84, 93),
(84, 51),
(84, 114),
(85, 24),
(85, 30),
(85, 99),
(85, 110),
(85, 113),
(85, 82),
(85, 74),
(85, 76),
(85, 87),
(85, 93),
(85, 51),
(85, 114),
(86, 7),
(86, 24),
(86, 30),
(86, 99),
(86, 110),
(86, 113),
(86, 82),
(86, 74),
(86, 76),
(86, 87),
(86, 93),
(86, 51),
(86, 114),
(87, 99),
(87, 110),
(87, 113),
(87, 82),
(87, 74),
(87, 76),
(87, 87),
(87, 93),
(87, 51),
(87, 114),
(88, 7),
(88, 24),
(88, 30),
(88, 99),
(88, 110),
(88, 113),
(88, 82),
(88, 74),
(88, 76),
(88, 87),
(88, 93),
(88, 51),
(88, 114),
(89, 113),
(89, 82),
(89, 74),
(89, 76),
(89, 87),
(89, 93),
(89, 51),
(89, 114),
(90, 7),
(90, 24),
(90, 30),
(90, 99),
(90, 110),
(90, 113),
(90, 82),
(90, 74),
(90, 76),
(90, 87),
(90, 93),
(90, 51),
(90, 114),
(91, 24),
(91, 30),
(91, 99),
(91, 110),
(91, 113),
(91, 82),
(91, 74),
(91, 76),
(91, 87),
(91, 93),
(91, 51),
(91, 114),
(92, 110),
(92, 113),
(92, 82),
(92, 74),
(92, 76),
(92, 87),
(92, 93),
(92, 51),
(92, 114),
(93, 68),
(93, 31),
(93, 104),
(93, 83),
(93, 34),
(93, 98),
(93, 65),
(93, 106),
(93, 57),
(93, 27),
(94, 19),
(94, 70),
(94, 26),
(94, 29),
(94, 33),
(94, 18),
(94, 20),
(94, 62),
(94, 5),
(94, 44),
(95, 26),
(95, 19),
(95, 70),
(95, 110),
(95, 112),
(95, 93),
(95, 51),
(95, 18),
(95, 62),
(95, 33),
(95, 48),
(96, 26),
(96, 19),
(96, 70),
(96, 110),
(96, 112),
(96, 93),
(96, 51),
(96, 18),
(96, 62),
(96, 33),
(96, 48),
(97, 19),
(97, 70),
(97, 26),
(97, 29),
(97, 33),
(97, 18),
(97, 20),
(97, 62),
(97, 5),
(97, 44),
(98, 19),
(98, 70),
(98, 26),
(98, 29),
(98, 33),
(98, 18),
(98, 20),
(98, 62),
(98, 5),
(98, 44),
(99, 19),
(99, 70),
(99, 26),
(99, 29),
(99, 33),
(99, 18),
(99, 20),
(99, 62),
(99, 5),
(99, 44),
(100, 19),
(100, 70),
(100, 26),
(100, 29),
(100, 33),
(100, 18),
(100, 20),
(100, 62),
(100, 5),
(100, 44),
(101, 104),
(101, 12),
(101, 79),
(101, 106),
(101, 99),
(101, 35),
(102, 19),
(102, 110),
(102, 112),
(102, 7),
(102, 64),
(102, 105),
(102, 12),
(102, 68),
(102, 96),
(102, 41),
(103, 19),
(103, 18),
(103, 51),
(103, 24),
(103, 112),
(103, 70),
(103, 91),
(103, 9),
(104, 26),
(104, 93),
(104, 67),
(104, 5),
(104, 8),
(104, 30),
(104, 62),
(104, 60),
(104, 18),
(104, 33),
(104, 58),
(105, 26),
(105, 93),
(105, 67),
(105, 5),
(105, 8),
(105, 30),
(105, 62),
(105, 60),
(105, 18),
(105, 33),
(105, 58),
(106, 19),
(106, 18),
(106, 23),
(106, 29),
(106, 112),
(106, 9),
(106, 110),
(106, 26),
(106, 86),
(106, 62),
(106, 51),
(106, 64),
(106, 33),
(106, 47),
(107, 19),
(107, 18),
(107, 23),
(107, 29),
(107, 112),
(107, 9),
(107, 110),
(107, 26),
(107, 86),
(107, 62),
(107, 51),
(107, 64),
(107, 33),
(107, 47),
(108, 19),
(108, 18),
(108, 23),
(108, 29),
(108, 112),
(108, 9),
(108, 110),
(108, 26),
(108, 86),
(108, 62),
(108, 51),
(108, 64),
(108, 33),
(108, 47),
(109, 19),
(109, 18),
(109, 23),
(109, 29),
(109, 112),
(109, 9),
(109, 110),
(109, 26),
(109, 86),
(109, 62),
(109, 51),
(109, 64),
(109, 33),
(109, 47),
(110, 19),
(110, 18),
(110, 23),
(110, 29),
(110, 112),
(110, 9),
(110, 110),
(110, 26),
(110, 86),
(110, 62),
(110, 51),
(110, 64),
(110, 33),
(110, 47),
(111, 19),
(111, 18),
(111, 23),
(111, 29),
(111, 112),
(111, 9),
(111, 110),
(111, 26),
(111, 86),
(111, 62),
(111, 51),
(111, 64),
(111, 33),
(111, 47),
(112, 33),
(112, 51),
(112, 59),
(112, 6),
(112, 78),
(112, 112),
(113, 26),
(113, 1),
(113, 18),
(113, 5),
(113, 40),
(113, 61),
(113, 33),
(113, 110),
(113, 112),
(114, 18),
(114, 25),
(114, 51),
(114, 26),
(114, 33),
(114, 5),
(114, 15),
(114, 99),
(114, 110),
(115, 26),
(115, 62),
(115, 9),
(115, 40),
(115, 5),
(115, 101),
(115, 18),
(115, 33),
(115, 41),
(116, 26),
(116, 5),
(116, 25),
(116, 110),
(116, 112),
(116, 89),
(116, 94),
(116, 99),
(116, 17),
(117, 19),
(117, 18),
(117, 23),
(117, 29),
(117, 112),
(117, 9),
(117, 110),
(117, 26),
(117, 86),
(117, 62),
(117, 51),
(117, 64),
(117, 33),
(117, 47),
(118, 19),
(118, 18),
(118, 23),
(118, 29),
(118, 112),
(118, 9),
(118, 110),
(118, 26),
(118, 86),
(118, 62),
(118, 51),
(118, 64),
(118, 33),
(118, 47),
(119, 19),
(119, 18),
(119, 23),
(119, 29),
(119, 112),
(119, 9),
(119, 110),
(119, 26),
(119, 86),
(119, 62),
(119, 51),
(119, 64),
(119, 33),
(119, 47),
(120, 68),
(120, 69),
(120, 28),
(120, 40),
(120, 65),
(120, 57),
(120, 97),
(120, 92),
(120, 47),
(120, 84),
(121, 97),
(121, 69),
(121, 68),
(121, 111),
(121, 117),
(121, 57),
(121, 65),
(121, 92),
(121, 4),
(121, 34),
(121, 47),
(122, 68),
(122, 69),
(122, 28),
(122, 40),
(122, 65),
(122, 57),
(122, 97),
(122, 92),
(122, 47),
(122, 84),
(123, 97),
(123, 69),
(123, 68),
(123, 111),
(123, 117),
(123, 57),
(123, 65),
(123, 92),
(123, 4),
(123, 34),
(123, 47),
(124, 97),
(124, 69),
(124, 68),
(124, 111),
(124, 117),
(124, 57),
(124, 65),
(124, 92),
(124, 4),
(124, 34),
(124, 47),
(125, 36),
(125, 99),
(125, 48),
(125, 8),
(125, 112),
(125, 51),
(125, 103),
(125, 110),
(125, 33),
(125, 90),
(126, 7),
(126, 110),
(126, 38),
(126, 63),
(126, 80),
(126, 41),
(126, 57),
(126, 68),
(127, 110),
(127, 27),
(127, 15),
(127, 55),
(127, 57),
(127, 65),
(127, 68),
(127, 81),
(128, 110),
(128, 57),
(128, 51),
(128, 50),
(128, 112),
(128, 47),
(128, 68),
(128, 70),
(129, 55),
(129, 27),
(129, 15),
(129, 110),
(129, 65),
(129, 113),
(129, 12),
(129, 68),
(130, 110),
(130, 27),
(130, 15),
(130, 55),
(130, 57),
(130, 65),
(130, 68),
(130, 81),
(131, 110),
(131, 27),
(131, 15),
(131, 55),
(131, 57),
(131, 65),
(131, 68),
(131, 81),
(132, 7),
(132, 110),
(132, 38),
(132, 63),
(132, 80),
(132, 41),
(132, 57),
(132, 68),
(132, 27);

-- --------------------------------------------------------

--
-- Table structure for table `tbl_algoritma`
--

CREATE TABLE `tbl_algoritma` (
  `algoritma_id` int(11) NOT NULL,
  `algoritma_nama` varchar(25) NOT NULL,
  `algoritma_maksmotif` int(1) NOT NULL
) ENGINE=InnoDB DEFAULT CHARSET=utf8;

--
-- Dumping data for table `tbl_algoritma`
--

INSERT INTO `tbl_algoritma` (`algoritma_id`, `algoritma_nama`, `algoritma_maksmotif`) VALUES
(1, 'berderet', 3),
(2, 'kotak', 2),
(3, 'spiral', 2);

-- --------------------------------------------------------

--
-- Table structure for table `tbl_hasilbatik`
--

CREATE TABLE `tbl_hasilbatik` (
  `hasilbatik_id` int(11) NOT NULL,
  `hasilbatik_file` varchar(75) NOT NULL,
  `hasilbatik_filehp` varchar(75) NOT NULL,
  `hasilbatik_tanggal` datetime NOT NULL,
  `hasilbatik_kreator` varchar(25) NOT NULL,
  `hasilbatik_namakarya` varchar(50) NOT NULL,
  `algoritma_id` int(10) NOT NULL,
  `hasilbatik_jmlmotif` int(10) NOT NULL,
  `hasilbatik_widthCanv` int(10) NOT NULL,
  `hasilbatik_heightCanv` int(10) NOT NULL,
  `hasilbatik_paddingTop` int(10) NOT NULL,
  `hasilbatik_paddingSide` int(10) NOT NULL,
  `hasilbatik_gap` int(10) NOT NULL,
  `hasilbatik_gapX` int(10) NOT NULL,
  `hasilbatik_gapY` int(10) NOT NULL,
  `jumlahPembelian` int(100) NOT NULL,
  `teknik_pewarnaan` varchar(100) DEFAULT NULL,
  `warna1` varchar(10) DEFAULT NULL,
  `warna2` varchar(10) DEFAULT NULL,
  `warna3` varchar(10) DEFAULT NULL,
  `warnaBg` varchar(10) DEFAULT NULL,
  `durasi` int(100) NOT NULL,
  `harga` int(100) NOT NULL,
  `status` varchar(100) NOT NULL,
  `status_bayar` varchar(100) NOT NULL,
  `id_customer` int(10) NOT NULL,
  `delivery_time` int(11) NOT NULL
) ENGINE=InnoDB DEFAULT CHARSET=utf8;

--
-- Dumping data for table `tbl_hasilbatik`
--

INSERT INTO `tbl_hasilbatik` (`hasilbatik_id`, `hasilbatik_file`, `hasilbatik_filehp`, `hasilbatik_tanggal`, `hasilbatik_kreator`, `hasilbatik_namakarya`, `algoritma_id`, `hasilbatik_jmlmotif`, `hasilbatik_widthCanv`, `hasilbatik_heightCanv`, `hasilbatik_paddingTop`, `hasilbatik_paddingSide`, `hasilbatik_gap`, `hasilbatik_gapX`, `hasilbatik_gapY`, `jumlahPembelian`, `teknik_pewarnaan`, `warna1`, `warna2`, `warna3`, `warnaBg`, `durasi`, `harga`, `status`, `status_bayar`, `id_customer`, `delivery_time`) VALUES
(1, 'hbatik_06242019_100455.svg', '', '2019-06-24 10:04:55', 'Hanzholah Shobri', 'Keperkasaan Sang Ksatria', 1, 1, 7559, 3780, 0, 0, 0, 0, 0, 0, NULL, NULL, NULL, NULL, NULL, 0, 0, '', '', 0, 0),
(2, 'hbatik_06242019_113112.svg', '', '2019-06-24 11:31:12', 'Hanzholah Shobri', 'Kebebasan Berekspresi', 2, 2, 7559, 5669, 0, 378, 151, -189, 0, 0, NULL, NULL, NULL, NULL, NULL, 0, 0, '', '', 0, 0),
(3, 'hbatik_06272019_221012.svg', '', '2019-06-27 22:10:12', 'Hanzholah Shobri', 'Kapal-kapal', 1, 2, 7559, 3780, 378, 378, 189, 0, 0, 0, NULL, NULL, NULL, NULL, NULL, 0, 0, '', '', 0, 0),
(4, 'hbatik_07012019_092926.svg', '', '2019-07-01 09:29:26', 'Fitriyani', 'bunga kipas', 1, 2, 9449, 4346, 756, 756, 189, 76, 0, 0, NULL, NULL, NULL, NULL, NULL, 0, 0, '', '', 0, 0),
(5, 'hbatik_07012019_172050.svg', '', '2019-07-01 17:20:50', 'Remi', 'Batik Angin', 3, 2, 3780, 3780, 756, 0, 340, -38, 0, 0, NULL, NULL, NULL, NULL, NULL, 0, 0, '', '', 0, 0),
(6, 'hbatik_07012019_200612.svg', '', '2019-07-01 20:06:12', 'Handoko', 'genx', 2, 2, 7559, 3780, 378, 0, 76, 151, 0, 0, NULL, NULL, NULL, NULL, NULL, 0, 0, '', '', 0, 0),
(7, 'hbatik_07022019_101954.svg', '', '2019-07-02 10:19:54', 'Arumdwika', 'Tumbuhan Kerajaan', 1, 3, 7559, 3780, 378, 378, 189, 0, 0, 0, NULL, NULL, NULL, NULL, NULL, 0, 0, '', '', 0, 0),
(8, 'hbatik_07022019_103253.svg', '', '2019-07-02 10:32:53', 'Eyndo', 'Ayam Kawin', 3, 2, 11339, 6047, 0, 1134, 189, 0, 0, 0, NULL, NULL, NULL, NULL, NULL, 0, 0, '', '', 0, 0),
(9, 'hbatik_07032019_113848.svg', '', '2019-07-03 11:38:48', 'nomnom', 'oops', 1, 1, 5669, 7559, 378, 378, 189, -189, -38, 0, NULL, NULL, NULL, NULL, NULL, 0, 0, '', '', 0, 0),
(10, 'hbatik_11272020_003503.svg', '', '2020-11-27 00:35:03', 'Buatan Hakeem', 'Buatan Hakeem', 3, 0, 200, 100, 1, 1, 0, 0, 0, 0, NULL, NULL, NULL, NULL, NULL, 0, 0, '', '', 0, 0),
(11, 'hbatik_12062020_105816.svg', '', '2020-12-06 10:58:16', 'po', 'uj', 1, 0, 200, 100, 41, 16, 0, 0, 0, 0, NULL, NULL, NULL, NULL, NULL, 0, 0, '', '', 0, 0),
(12, 'hbatik_01042021_210320.svg', '', '2021-01-04 21:03:20', 'kimi', 'kimi', 1, 0, 200, 100, 1, 1, 0, 0, 0, 5, NULL, 'ungu', 'merah', 'hijau', 'biru', 0, 0, '', '', 0, 0),
(13, 'hbatik_01042021_210421.svg', '', '2021-01-04 21:04:21', 'kimi 2', 'kimi 2', 1, 0, 200, 100, 1, 1, 0, 0, 0, 10, NULL, 'kuning', '', '', 'coklat', 0, 0, '', '', 0, 0),
(14, 'hbatik_01052021_092209.svg', '', '2021-01-05 09:22:09', 'durasi', 'durasi', 1, 0, 200, 100, 1, 1, 0, 0, 0, 5, NULL, 'ungu', 'putih', 'putih', 'hijau', 555, 0, '', '', 0, 0),
(15, 'hbatik_01052021_092505.svg', '', '2021-01-05 09:25:05', 'durasi 2', 'durasi 2', 1, 0, 200, 100, 1, 1, 0, 0, 0, 5, NULL, 'ungu', 'putih', 'putih', 'abu', 315, 0, '', '', 0, 0),
(16, 'hbatik_01052021_101933.svg', '', '2021-01-05 10:19:33', 'harga', 'harga', 1, 0, 200, 100, 1, 1, 0, 0, 0, 5, NULL, 'ungu', 'putih', 'putih', 'biru', 315, 1080000, '', '', 0, 0),
(17, 'hbatik_01052021_104402.svg', '', '2021-01-05 10:44:03', 'testing warna', 'testing warna', 1, 0, 200, 100, 1, 1, 0, 0, 0, 10, NULL, 'ungu', '', '', 'hijau', 630, 2300000, '', '', 0, 0),
(18, 'hbatik_02092021_132559.svg', '', '2021-02-09 13:25:59', 'testing teknik', 'testing teknik', 1, 0, 200, 100, 1, 1, 0, 0, 0, 1, '1', 'ungu', '', '', 'ungu', 63, 230000, '', '', 0, 0),
(19, 'hbatik_02092021_133234.svg', '', '2021-02-09 13:32:35', 'testing teknik 2', 'testing teknik 2', 1, 0, 200, 100, 1, 1, 0, 0, 0, 5, 'celup', 'ungu', '', '', 'ungu', 315, 1300000, '', '', 0, 0),
(20, 'hbatik_02102021_144007.svg', '', '2021-02-10 14:40:07', 'testing all 1', 'testing all 1', 1, 0, 200, 100, 1, 1, 0, 0, 0, 1, 'celup', 'ungu', '', '', 'ungu', 63, 297500, '', '', 0, 0),
(21, 'hbatik_02102021_144438.svg', '', '2021-02-10 14:44:39', 'testing all 2', 'testing all 2', 1, 0, 200, 100, 1, 1, 0, 0, 0, 1, 'celup', 'ungu', '', '', 'ungu', 63, 817500, '', '', 0, 0),
(22, 'hbatik_02102021_144610.svg', '', '2021-02-10 14:46:10', 'testing all 3', 'testing all 3', 1, 0, 200, 100, 1, 1, 0, 0, 0, 1, 'celup', 'ungu', '', '', 'ungu', 63, 847500, '', '', 0, 0),
(23, 'hbatik_02102021_145555.svg', '', '2021-02-10 14:55:55', 'testing all 4', 'testing all 4', 1, 0, 200, 100, 1, 1, 0, 0, 0, 1, 'celup', 'ungu', '', '', 'ungu', 63, 897500, '', '', 0, 0),
(24, 'hbatik_02102021_145933.svg', '', '2021-02-10 14:59:34', 'test', 'test', 1, 0, 200, 100, 1, 1, 0, 0, 0, 1, 'celup', 'ungu', '', '', 'ungu', 63, 897500, '', '', 0, 0),
(25, 'hbatik_02102021_150128.svg', '', '2021-02-10 15:01:28', 'test', 'test', 1, 0, 200, 100, 1, 1, 0, 0, 0, 1, 'celup', 'ungu', '', '', 'ungu', 63, 297500, '', '', 0, 0),
(26, 'hbatik_03072021_070726.svg', '', '2021-03-07 07:07:26', 'hakeem', 'hakeem 1', 1, 0, 200, 100, 1, 1, 0, 0, 0, 5, 'celup', 'ungu', '', '', 'ungu', 123, 1355000, 'process', 'belum', 1, 0),
(27, 'hbatik_03072021_071048.svg', '', '2021-03-07 07:10:49', 'asdasd', 'asdads', 1, 0, 200, 100, 1, 1, 0, 0, 0, 2, 'colet', 'merah', '', '', 'ungu', 78, 630000, 'process', 'belum', 1, 0),
(28, 'hbatik_03072021_072326.svg', '', '2021-03-07 07:23:26', 'qweqwe', 'qweqwe', 1, 0, 200, 100, 1, 1, 0, 0, 0, 2, 'colet', 'ungu', '', '', 'ungu', 78, 630000, 'process', 'belum', 1, 0),
(29, 'hbatik_03072021_072346.svg', '', '2021-03-07 07:23:46', 'qweqwe', 'qweqwe', 1, 0, 200, 100, 1, 1, 0, 0, 0, 2, 'colet', 'ungu', '', '', 'ungu', 78, 630000, 'process', 'lunas', 1, 0),
(30, 'hbatik_03092021_210431.svg', '', '2021-03-09 21:04:31', 'hakeem', 'testing', 1, 0, 200, 100, 1, 1, 0, 0, 0, 1, 'celup', 'ungu', '', '', 'ungu', 63, 572000, 'process', 'belum', 1, 0),
(31, 'hbatik_03092021_212919.svg', '', '2021-03-09 21:29:19', 'hakeem', 'testing durasi +', 1, 0, 200, 100, 1, 1, 0, 0, 0, 1, 'celup', 'ungu', '', '', 'ungu', 126, 572000, 'process', 'belum', 1, 0),
(32, 'hbatik_03102021_134150.svg', '', '2021-03-10 13:41:50', 'hakeem', 'testing deltime', 1, 0, 200, 100, 1, 1, 0, 0, 0, 1, 'celup', 'ungu', '', '', 'ungu', 189, 572000, 'process', 'belum', 1, 3),
(33, 'hbatik_03102021_134504.svg', '', '2021-03-10 13:45:05', 'hakeem', 'testing deltime +', 1, 0, 200, 100, 1, 1, 0, 0, 0, 1, 'celup', 'ungu', '', '', 'ungu', 252, 588000, 'process', 'belum', 1, 3),
(34, 'hbatik_03102021_140726.svg', '', '2021-03-10 14:07:26', 'hakeem', 'testing deltime', 1, 0, 200, 100, 1, 1, 0, 0, 0, 1, 'celup', 'ungu', '', '', 'ungu', 315, 588000, 'process', 'belum', 1, 3),
(35, 'hbatik_03102021_140831.svg', '', '2021-03-10 14:08:32', 'hakeem', 'testing deltime', 1, 0, 200, 100, 1, 1, 0, 0, 0, 1, 'celup', 'ungu', '', '', 'ungu', 378, 588000, 'process', 'lunas', 1, 3),
(36, 'hbatik_03142021_143536.svg', '', '2021-03-14 14:35:36', 'Galih', 'ayam tukdes', 1, 0, 200, 100, 41, 36, 15, 6, 7, 3, 'celup', 'merah', '', '', 'biru', 426, 187000, 'process', 'belum', 6, 5),
(37, 'hbatik_03142021_144045.svg', '', '2021-03-14 14:40:45', 'Galih', 'sete', 1, 0, 200, 100, 51, 48, 0, 5, 0, 1, 'colet', 'merah', '', '', 'coklat', 474, 164000, 'process', 'belum', 6, 5),
(38, 'hbatik_03142021_144247.svg', '', '2021-03-14 14:42:47', 'Galih', 'rete', 1, 0, 200, 100, 51, 44, 8, 6, 0, 3, 'colet', 'merah', '', '', 'coklat', 522, 224000, 'process', 'belum', 6, 5),
(39, 'hbatik_06192021_212137.svg', '', '2021-06-19 21:21:37', 'pri', 'adssa', 1, 0, 200, 100, 1, 1, 0, 0, 0, 1, 'celup', 'hijau', 'kuning', '', 'ungu', 605, 264000, 'process', 'lunas', 7, 3),
(40, 'hbatik_06192021_223715.svg', '', '2021-06-19 22:37:15', 'pri', 'tsts', 1, 0, 200, 100, 1, 1, 0, 0, 0, 1, 'celup', 'ungu', '', '', 'merah', 664, 247000, 'process', 'belum', 7, 3),
(41, 'hbatik_06202021_162708.svg', '', '2021-06-20 16:27:09', 'pri', 'asdas', 1, 2, 200, 100, 1, 1, 0, 0, 0, 1, 'celup', 'Violet 14R', 'Yellow IRK', '', '', 723, 235000, 'process', 'belum', 7, 3),
(42, 'hbatik_06202021_163023.svg', '', '2021-06-20 16:30:23', 'pri', 'satu', 1, 2, 200, 100, 1, 1, 0, 0, 0, 1, 'celup', 'Rose IR', 'Yellow IGK', '', '', 782, 235345, 'process', 'belum', 7, 3),
(43, 'hbatik_06202021_163951.svg', '', '2021-06-20 16:39:52', 'pri', 'dua', 1, 2, 200, 100, 1, 1, 0, 0, 0, 1, 'celup', 'Yellow IGK', 'Yellow IGK', '', '', 841, 249000, 'process', 'belum', 7, 3),
(44, 'hbatik_06202021_164234.svg', 'hbatik_Hp_06202021_164234.svg', '2021-06-20 16:42:35', 'pri', 'tiga', 1, 2, 200, 100, 1, 1, 0, 0, 0, 1, 'celup', 'Yellow IGK', 'Yellow IGK', '', '', 900, 249000, 'process', 'belum', 7, 3),
(45, 'hbatik_06202021_164453.svg', 'hbatik_Hp_06202021_164453.svg', '2021-06-20 16:44:54', 'pri', 'empat', 1, 2, 200, 100, 1, 1, 0, 0, 0, 1, 'celup', 'Yellow IGK', 'Blue 04B', '', '', 959, 238000, 'process', 'belum', 7, 3),
(46, 'hbatik_06202021_171903.svg', 'hbatik_Hp_06202021_171903.svg', '2021-06-20 17:19:04', 'pri', 'lima', 1, 3, 200, 100, 1, 1, 0, 0, 0, 1, 'celup', 'Yellow IGK', '', 'Green IB', '', 1018, 235000, 'process', 'belum', 7, 3),
(47, 'hbatik_06202021_172110.svg', 'hbatik_Hp_06202021_172110.svg', '2021-06-20 17:21:11', 'pri', 'enam', 1, 3, 200, 100, 1, 1, 0, 0, 0, 1, 'celup', 'Yellow IGK', '', 'Orange HR', '', 1077, 252000, 'process', 'belum', 7, 3),
(48, 'hbatik_06202021_172242.svg', 'hbatik_Hp_06202021_172242.svg', '2021-06-20 17:22:43', 'pri', 'tujuh', 1, 2, 200, 100, 1, 1, 0, 0, 0, 1, 'celup', 'Yellow IGK', 'Orange HR', '', '', 1136, 252000, 'process', 'belum', 7, 3),
(49, 'hbatik_06202021_172403.svg', 'hbatik_Hp_06202021_172403.svg', '2021-06-20 17:24:03', 'pri', 'delapan', 1, 1, 200, 100, 1, 1, 0, 0, 0, 1, 'celup', 'Yellow IGK', '', '', '', 1171, 168000, 'process', 'belum', 7, 3),
(50, 'hbatik_06202021_173144.svg', 'hbatik_Hp_06202021_173144.svg', '2021-06-20 17:31:45', 'pri', 'sepuluh', 1, 3, 200, 100, 1, 1, 0, 0, 0, 1, 'celup', 'Brown IRRD', 'Orange HR', 'Green IB', '', 1278, 207345, 'process', 'belum', 7, 3),
(51, 'hbatik_06202021_173240.svg', 'hbatik_Hp_06202021_173240.svg', '2021-06-20 17:32:40', 'pri', 'sebelas', 1, 1, 200, 100, 1, 1, 0, 0, 0, 1, 'celup', 'Yellow IGK', 'Yellow IGK', 'Green IB', '', 1385, 232000, 'process', 'belum', 7, 3),
(52, 'hbatik_06202021_173523.svg', 'hbatik_Hp_06202021_173523.svg', '2021-06-20 17:35:24', 'pri', 'duabelas', 1, 1, 200, 100, 1, 1, 0, 0, 0, 1, 'celup', 'Yellow IGK', '', 'Green IB', '', 1444, 180000, 'process', 'belum', 7, 3),
(53, 'hbatik_06202021_174025.svg', 'hbatik_Hp_06202021_174025.svg', '2021-06-20 17:40:26', 'pri', 'tigabelas', 1, 1, 200, 100, 1, 1, 0, 0, 0, 1, 'celup', 'Yellow IGK', '', '', 'Green IB', 1503, 180000, 'process', 'belum', 7, 3),
(54, 'hbatik_06202021_174103.svg', 'hbatik_Hp_06202021_174103.svg', '2021-06-20 17:41:04', 'pri', 'empatbelas', 1, 3, 200, 100, 1, 1, 0, 0, 0, 1, 'celup', 'Orange HR', 'Yellow IGK', 'Violet 14R', 'Green IB', 1610, 223000, 'process', 'lunas', 7, 3),
(55, 'hbatik_06212021_161202.svg', 'hbatik_Hp_06212021_161202.svg', '2021-06-21 16:12:02', 'pri', 'asdas', 1, 2, 200, 100, 1, 1, 0, 0, 0, 1, 'celup', 'Yellow IGK', 'Yellow IGK', '', 'Putih', 1682, 139000, 'process', 'belum', 7, 3),
(56, 'hbatik_06212021_202039.svg', 'hbatik_Hp_06212021_202039.svg', '2021-06-21 20:20:39', 'pri', 'asdas', 1, 1, 200, 100, 1, 1, 0, 0, 0, 1, 'celup', 'Yellow IGK', '', '', '', 11725, 50206209, 'process', 'belum', 7, 3),
(57, 'hbatik_06212021_202107.svg', 'hbatik_Hp_06212021_202107.svg', '2021-06-21 20:21:07', 'pri', 'asdas', 1, 1, 200, 100, 1, 1, 0, 0, 0, 1, 'celup', 'Yellow IGK', '', '', '', 21768, 50206209, 'process', 'belum', 7, 3),
(58, 'hbatik_06212021_202145.svg', 'hbatik_Hp_06212021_202145.svg', '2021-06-21 20:21:45', 'pri', 'asdas', 1, 1, 200, 100, 1, 1, 0, 0, 0, 1, 'celup', 'Yellow IGK', '', '', '', 31811, 50206209, 'process', 'belum', 7, 3),
(59, 'hbatik_06212021_202537.svg', 'hbatik_Hp_06212021_202537.svg', '2021-06-21 20:25:38', 'pri', 'asdas', 1, 1, 200, 100, 1, 1, 0, 0, 0, 1, 'celup', 'Yellow IGK', '', '', '', 41854, 50206209, 'process', 'belum', 7, 3),
(60, 'hbatik_06212021_202701.svg', 'hbatik_Hp_06212021_202701.svg', '2021-06-21 20:27:02', 'pri', 'asdas', 1, 1, 200, 100, 1, 1, 0, 0, 0, 1, 'celup', 'Yellow IGK', '', '', '', 51897, 50206209, 'process', 'belum', 7, 3),
(61, 'hbatik_06212021_202748.svg', 'hbatik_Hp_06212021_202748.svg', '2021-06-21 20:27:49', 'pri', 'asdas', 1, 2, 200, 100, 1, 1, 0, 0, 0, 1, 'celup', 'Yellow IGK', 'Yellow IGK', '', '', 63009, 55540341, 'process', 'belum', 7, 3),
(62, 'hbatik_06212021_203204.svg', 'hbatik_Hp_06212021_203204.svg', '2021-06-21 20:32:05', 'pri', 'asdas', 1, 2, 200, 100, 1, 1, 0, 0, 0, 1, 'celup', 'Yellow IGK', 'Yellow IGK', '', 'Green IB', 73611, 52990534, 'process', 'belum', 7, 3),
(63, 'hbatik_06212021_203453.svg', 'hbatik_Hp_06212021_203453.svg', '2021-06-21 20:34:53', 'pri', 'asdas', 1, 2, 200, 100, 1, 1, 0, 0, 0, 1, 'celup', 'Yellow IGK', 'Yellow IGK', '', 'Green IB', 81663, 40240347, 'process', 'belum', 7, 3),
(64, 'hbatik_06212021_203912.svg', 'hbatik_Hp_06212021_203912.svg', '2021-06-21 20:39:13', 'pri', 'asdas', 1, 2, 200, 100, 1, 1, 0, 0, 0, 1, 'celup', 'Yellow IGK', 'Yellow IGK', '', 'Green IB', 89715, 40240347, 'process', 'belum', 7, 3),
(65, 'hbatik_06212021_203946.svg', 'hbatik_Hp_06212021_203946.svg', '2021-06-21 20:39:46', 'pri', 'asdas', 1, 2, 200, 100, 1, 1, 0, 0, 0, 1, 'celup', 'Yellow IGK', 'Yellow IGK', '', 'Green IB', 100770, 55254239, 'process', 'belum', 7, 3),
(66, 'hbatik_06212021_205251.svg', 'hbatik_Hp_06212021_205251.svg', '2021-06-21 20:52:52', 'pri', 'asdas', 1, 2, 200, 100, 1, 1, 0, 0, 0, 1, 'celup', 'Yellow IGK', 'Yellow IGK', '', 'Green IB', 110882, 50444757, 'process', 'belum', 7, 3),
(67, 'hbatik_06212021_205506.svg', 'hbatik_Hp_06212021_205506.svg', '2021-06-21 20:55:06', 'pri', 'asdas', 1, 3, 200, 100, 1, 1, 0, 0, 0, 1, 'celup', 'Yellow IGK', 'Yellow IGK', 'Rose IR', 'Green IB', 121290, 51818631, 'process', 'belum', 7, 3),
(68, 'hbatik_06212021_205622.svg', 'hbatik_Hp_06212021_205622.svg', '2021-06-21 20:56:23', 'pri', 'asdas', 1, 3, 200, 100, 1, 1, 0, 0, 0, 1, 'celup', 'Yellow IGK', 'Yellow IGK', 'Violet 14R', 'Green IB', 132534, 56001388, 'process', 'belum', 7, 3),
(69, 'hbatik_06212021_225329.svg', 'hbatik_Hp_06212021_225329.svg', '2021-06-21 22:53:29', 'pri', 'asdas', 1, 2, 200, 100, 1, 1, 0, 0, 0, 1, 'celup', 'Yellow IGK', 'Yellow IGK', '', 'Green IB', 140610, 40266347, 'process', 'belum', 7, 3),
(70, 'hbatik_06212021_225432.svg', 'hbatik_Hp_06212021_225432.svg', '2021-06-21 22:54:33', 'pri', 'asdas', 1, 2, 200, 100, 1, 1, 0, 0, 0, 1, 'celup', 'Yellow IGK', 'Yellow IGK', '', 'Rose IR', 151558, 54626205, 'process', 'belum', 7, 3),
(71, 'hbatik_06222021_124453.svg', 'hbatik_Hp_06222021_124453.svg', '2021-06-22 12:44:53', 'pri', 'asdas', 1, 1, 200, 100, 1, 1, 0, 0, 0, 1, 'celup', 'Yellow IGK', '', '', 'Green IB', 161625, 50218209, 'process', 'belum', 7, 3),
(72, 'hbatik_06222021_143809.svg', 'hbatik_Hp_06222021_143809.svg', '2021-06-22 14:38:09', 'pri', 'asdas', 1, 1, 200, 100, 1, 1, 0, 0, 0, 1, 'celup', 'Yellow IGK', '', '', 'Green IB', 162675, 5134321, 'process', 'belum', 7, 3),
(73, 'hbatik_06222021_150203.svg', 'hbatik_Hp_06222021_150203.svg', '2021-06-22 15:02:03', 'pri', 'asdas', 1, 1, 200, 100, 1, 1, 0, 0, 0, 1, 'celup', 'Yellow IGK', '', '', 'Green IB', 163725, 5134321, 'process', 'belum', 7, 3),
(74, 'hbatik_06222021_150731.svg', 'hbatik_Hp_06222021_150731.svg', '2021-06-22 15:07:32', 'pri', 'asdas', 1, 1, 200, 100, 1, 1, 0, 0, 0, 1, 'celup', 'Yellow IGK', '', '', 'Green IB', 164775, 5134321, 'process', 'belum', 7, 3),
(75, 'hbatik_06222021_151028.svg', 'hbatik_Hp_06222021_151028.svg', '2021-06-22 15:10:28', 'pri', 'asdas', 1, 1, 200, 100, 1, 1, 0, 0, 0, 1, 'celup', 'Yellow IGK', '', '', 'Green IB', 165825, 5134321, 'process', 'belum', 7, 3),
(76, 'hbatik_06222021_151113.svg', 'hbatik_Hp_06222021_151113.svg', '2021-06-22 15:11:13', 'pri', 'asdas', 1, 1, 200, 100, 1, 1, 0, 0, 0, 1, 'celup', 'Yellow IGK', '', '', 'Green IB', 166875, 5134321, 'process', 'belum', 7, 3),
(77, 'hbatik_06222021_151127.svg', 'hbatik_Hp_06222021_151127.svg', '2021-06-22 15:11:27', 'pri', 'asdas', 1, 1, 200, 100, 1, 1, 0, 0, 0, 1, 'celup', 'Yellow IGK', '', '', 'Green IB', 167925, 5134321, 'process', 'belum', 7, 3),
(78, 'hbatik_06222021_151229.svg', 'hbatik_Hp_06222021_151229.svg', '2021-06-22 15:12:29', 'pri', 'asdas', 1, 1, 200, 100, 1, 1, 0, 0, 0, 1, 'celup', 'Yellow IGK', '', '', 'Green IB', 168975, 5134321, 'process', 'belum', 7, 3),
(79, 'hbatik_06222021_151448.svg', 'hbatik_Hp_06222021_151448.svg', '2021-06-22 15:14:49', 'pri', 'asdas', 1, 1, 200, 100, 1, 1, 0, 0, 0, 1, 'celup', 'Yellow IGK', '', '', 'Green IB', 170025, 5134321, 'process', 'belum', 7, 3),
(80, 'hbatik_06222021_151550.svg', 'hbatik_Hp_06222021_151550.svg', '0000-00-00 00:00:00', 'pri', 'asdas', 1, 1, 200, 100, 1, 1, 0, 0, 0, 1, 'celup', 'Yellow IGK', '', '', 'Green IB', 171027, 5134321, 'process', 'belum', 7, 3),
(81, 'hbatik_06222021_151620.svg', 'hbatik_Hp_06222021_151620.svg', '0000-00-00 00:00:00', 'pri', 'asdas', 1, 1, 200, 100, 1, 1, 0, 0, 0, 1, 'celup', 'Yellow IGK', '', '', 'Green IB', 172029, 5134321, 'process', 'belum', 7, 3),
(82, 'hbatik_06222021_151647.svg', 'hbatik_Hp_06222021_151647.svg', '0000-00-00 00:00:00', 'pri', 'asdas', 1, 1, 200, 100, 1, 1, 0, 0, 0, 1, 'celup', 'Yellow IGK', '', '', 'Green IB', 173031, 5134321, 'process', 'belum', 7, 3),
(83, 'hbatik_06222021_162340.svg', 'hbatik_Hp_06222021_162340.svg', '2021-06-22 16:23:41', 'pri', 'asdas', 1, 1, 200, 100, 1, 1, 0, 0, 0, 1, 'celup', 'Yellow IGK', '', '', 'Green IB', 174033, 5134321, 'process', 'belum', 7, 3),
(84, 'hbatik_06222021_162954.svg', 'hbatik_Hp_06222021_162954.svg', '2021-06-22 16:29:54', 'pri', 'asdas', 1, 1, 200, 100, 1, 1, 0, 0, 0, 1, 'celup', 'Yellow IGK', '', '', 'Green IB', 175035, 5134321, 'process', 'belum', 7, 3),
(85, 'hbatik_06222021_163024.svg', 'hbatik_Hp_06222021_163024.svg', '2021-06-22 16:30:25', 'pri', 'asdas', 1, 1, 200, 100, 1, 1, 0, 0, 0, 1, 'celup', 'Yellow IGK', '', '', 'Green IB', 176037, 5134321, 'process', 'belum', 7, 3),
(86, 'hbatik_06222021_163336.svg', 'hbatik_Hp_06222021_163336.svg', '2021-06-22 16:33:36', 'pri', 'asdas', 1, 1, 200, 100, 1, 1, 0, 0, 0, 1, 'celup', 'Yellow IGK', '', '', 'Green IB', 177087, 5134321, 'process', 'belum', 7, 3),
(87, 'hbatik_06222021_163517.svg', 'hbatik_Hp_06222021_163517.svg', '2021-06-22 16:35:17', 'pri', 'asdas', 1, 1, 200, 100, 1, 1, 0, 0, 0, 1, 'celup', 'Yellow IGK', '', '', 'Green IB', 177897, 5134321, 'process', 'belum', 7, 3),
(88, 'hbatik_06222021_163725.svg', 'hbatik_Hp_06222021_163725.svg', '2021-06-22 16:37:25', 'pri', 'asdas', 1, 1, 200, 100, 1, 1, 0, 0, 0, 1, 'celup', 'Yellow IGK', '', '', 'Green IB', 178707, 5134321, 'process', 'belum', 7, 3),
(89, 'hbatik_06222021_163757.svg', 'hbatik_Hp_06222021_163757.svg', '2021-06-22 16:37:57', 'pri', 'asdas', 1, 1, 200, 100, 1, 1, 0, 0, 0, 1, 'celup', 'Yellow IGK', '', '', 'Green IB', 179517, 5134321, 'process', 'belum', 7, 3),
(90, 'hbatik_06222021_164415.svg', 'hbatik_Hp_06222021_164415.svg', '2021-06-22 16:44:15', 'pri', 'asdas', 1, 1, 200, 100, 1, 1, 0, 0, 0, 1, 'celup', 'Yellow IGK', '', '', 'Green IB', 180327, 5134321, 'process', 'belum', 7, 3),
(91, 'hbatik_06222021_164549.svg', 'hbatik_Hp_06222021_164549.svg', '2021-06-22 16:45:49', 'pri', 'asdas', 1, 1, 200, 100, 1, 1, 0, 0, 0, 1, 'celup', 'Yellow IGK', '', '', 'Green IB', 181137, 5134321, 'process', 'belum', 7, 3),
(92, 'hbatik_06222021_164600.svg', 'hbatik_Hp_06222021_164600.svg', '2021-06-22 16:46:01', 'pri', 'asdas', 1, 1, 200, 100, 1, 1, 0, 0, 0, 1, 'celup', 'Yellow IGK', '', '', 'Green IB', 181947, 5134321, 'process', 'belum', 7, 3),
(93, 'hbatik_06222021_164704.svg', 'hbatik_Hp_06222021_164704.svg', '2021-06-22 16:47:04', 'pri', 'asdas', 1, 1, 200, 100, 1, 1, 0, 0, 0, 1, 'celup', 'Yellow IGK', '', '', 'Green IB', 182757, 5134321, 'process', 'belum', 7, 3),
(94, 'hbatik_06222021_165548.svg', 'hbatik_Hp_06222021_165548.svg', '2021-06-22 16:55:48', 'pri', 'asdas', 1, 1, 200, 100, 1, 1, 0, 0, 0, 1, 'celup', 'Yellow IGK', '', '', 'Green IB', 183807, 5134321, 'process', 'belum', 7, 3),
(95, 'hbatik_06222021_170541.svg', 'hbatik_Hp_06222021_170541.svg', '2021-06-22 17:05:42', 'pri', 'asdas', 1, 1, 200, 100, 1, 1, 0, 0, 0, 1, 'celup', 'Yellow IGK', '', '', 'Green IB', 5, 5134321, 'process', 'belum', 7, 3),
(96, 'hbatik_06222021_174428.svg', 'hbatik_Hp_06222021_174428.svg', '2021-06-22 17:44:29', 'pri', 'asdas', 1, 1, 200, 100, 1, 1, 0, 0, 0, 1, 'celup', 'Yellow IGK', '', '', 'Green IB', 5, 5134321, 'process', 'belum', 7, 3),
(97, 'hbatik_06222021_175059.svg', 'hbatik_Hp_06222021_175059.svg', '2021-06-22 17:50:59', 'pri', 'asdas', 1, 1, 200, 100, 1, 1, 0, 0, 0, 1, 'colet', 'Yellow IGK', '', '', 'Green IB', 8, 5174321, 'process', 'belum', 7, 3),
(98, 'hbatik_06222021_175240.svg', 'hbatik_Hp_06222021_175240.svg', '2021-06-22 17:52:40', 'pri', 'asdas', 1, 1, 200, 100, 1, 1, 0, 0, 0, 1, 'colet', 'Yellow IGK', '', '', 'Green IB', 11, 5174321, 'process', 'belum', 7, 3),
(99, 'hbatik_06222021_183311.svg', 'hbatik_Hp_06222021_183311.svg', '2021-06-22 18:33:11', 'pri', 'asdas', 1, 1, 200, 100, 1, 1, 0, 0, 0, 1, 'celup', 'Yellow IGK', '', '', 'Rose IR', 14, 5134666, 'process', 'belum', 7, 3),
(100, 'hbatik_06222021_183906.svg', 'hbatik_Hp_06222021_183906.svg', '2021-06-22 18:39:07', 'pri', 'asdas', 1, 1, 200, 100, 1, 1, 0, 0, 0, 1, 'celup', 'Yellow IGK', '', '', 'Rose IR', 17, 5134666, 'process', 'belum', 7, 3),
(101, 'hbatik_06222021_183957.svg', 'hbatik_Hp_06222021_183957.svg', '2021-06-22 18:39:58', 'pri', 'asdas', 1, 1, 200, 100, 1, 1, 0, 0, 0, 1, 'colet', 'Yellow IGK', '', '', 'Green IB', 20, 5174321, 'process', 'belum', 7, 3),
(102, 'hbatik_06222021_185907.svg', 'hbatik_Hp_06222021_185907.svg', '2021-06-22 18:59:07', 'pri', 'asdas', 1, 1, 200, 100, 1, 1, 0, 0, 0, 1, 'celup', 'Yellow IGK', '', '', 'Rose IR', 23, 5134666, 'process', 'belum', 7, 3),
(103, 'hbatik_06222021_190046.svg', 'hbatik_Hp_06222021_190046.svg', '2021-06-22 19:00:46', 'pri', 'asdas', 1, 2, 200, 100, 1, 1, 0, 0, 0, 1, 'celup', 'Yellow IGK', 'Rose IR', '', 'Green IB', 26, 5473897, 'process', 'lunas', 7, 3),
(104, 'hbatik_06222021_190505.svg', 'hbatik_Hp_06222021_190505.svg', '2021-06-22 19:05:05', 'pri', 'asdas', 1, 1, 200, 100, 1, 1, 0, 0, 0, 1, 'celup', 'Yellow IGK', '', '', 'Green IB', 29, 5134321, 'process', 'lunas', 7, 3),
(105, 'hbatik_06222021_211711.svg', 'hbatik_Hp_06222021_211711.svg', '2021-06-22 21:17:12', 'pri', 'asdas', 1, 1, 200, 100, 1, 1, 0, 0, 0, 1, 'celup', 'Yellow IGK', '', '', 'Green IB', 32, 5134321, 'process', 'belum', 7, 3),
(106, 'hbatik_06222021_212056.svg', 'hbatik_Hp_06222021_212056.svg', '2021-06-22 21:20:56', 'pri', 'asdas', 1, 1, 200, 100, 1, 1, 0, 0, 0, 1, 'celup', 'Yellow IGK', '', '', 'Rose IR', 33, 2424625, 'process', 'belum', 7, 3),
(107, 'hbatik_06232021_123043.svg', 'hbatik_Hp_06232021_123043.svg', '2021-06-23 12:30:44', 'pri', 'assa', 1, 1, 200, 100, 1, 1, 0, 0, 0, 1, 'celup', 'Yellow IGK', '', '', 'Blue 04B', 36, 5795406, 'process', 'belum', 7, 3),
(108, 'hbatik_07052021_153744.svg', 'hbatik_Hp_07052021_153744.svg', '2021-07-05 15:37:56', 'pri', 'asdas', 1, 1, 200, 100, 1, 1, 0, 0, 0, 1, 'celup', 'Yellow IGK', '', '', 'Green IB', 28, 9356987, 'process', 'belum', 7, 3),
(109, 'hbatik_07052021_154017.svg', 'hbatik_Hp_07052021_154017.svg', '2021-07-05 15:40:22', 'pri', 'Prihanto', 1, 1, 200, 100, 1, 1, 0, 0, 0, 1, 'celup', 'Yellow IGK', '', '', 'Green IB', 34, 13393936, 'process', 'belum', 7, 3),
(110, 'hbatik_07052021_160131.svg', 'hbatik_Hp_07052021_160131.svg', '2021-07-05 16:01:39', 'pri', 'asdas', 1, 1, 200, 100, 1, 1, 0, 0, 0, 1, 'celup', 'Yellow IGK', '', '', 'Green IB', 38, 9356744, 'process', 'belum', 7, 3),
(111, 'hbatik_07052021_170822.svg', 'hbatik_Hp_07052021_170822.svg', '2021-07-05 17:08:22', 'pri', 'Pri', 1, 1, 200, 100, 1, 1, 0, 0, 0, 1, 'celup', 'Yellow IGK', '', '', 'Green IB', 39, 1096763, 'process', 'belum', 7, 3),
(112, 'hbatik_07052021_171255.svg', 'hbatik_Hp_07052021_171255.svg', '2021-07-05 17:12:55', 'pri', 'pri', 1, 1, 200, 100, 1, 1, 0, 0, 0, 1, 'celup', 'Yellow IGK', '', '', 'Green IB', 40, 1096763, 'process', 'belum', 7, 3),
(113, 'hbatik_07052021_173956.svg', 'hbatik_Hp_07052021_173956.svg', '2021-07-05 17:39:57', 'pri', 'pri', 1, 1, 200, 100, 1, 1, 0, 0, 0, 1, 'celup', 'Yellow IGK', '', '', 'Green IB', 41, 1096763, 'process', 'belum', 7, 3),
(114, 'hbatik_07052021_174755.svg', 'hbatik_Hp_07052021_174755.svg', '2021-07-05 17:48:01', 'pri', 'pri', 1, 1, 200, 100, 1, 1, 0, 0, 0, 1, 'celup', 'Yellow IGK', '', '', 'Green IB', 45, 9356744, 'process', 'belum', 7, 3),
(115, 'hbatik_07052021_201008.svg', 'hbatik_Hp_07052021_201008.svg', '2021-07-05 20:10:09', 'pri', 'asdas', 1, 1, 200, 100, 1, 1, 0, 0, 0, 1, '', 'Yellow IGK', '', '', 'Green IB', 48, 1056763, 'process', 'belum', 7, 3),
(116, 'hbatik_07052021_201717.svg', 'hbatik_Hp_07052021_201717.svg', '2021-07-05 20:17:25', 'pri', 'asdas', 1, 1, 200, 100, 1, 1, 0, 0, 0, 1, '', 'Yellow IGK', '', '', 'Green IB', 54, 9316744, 'process', 'belum', 7, 3),
(117, 'hbatik_07052021_205916.svg', 'hbatik_Hp_07052021_205916.svg', '2021-07-05 20:59:32', 'pri', 'asdas', 1, 1, 200, 100, 1, 1, 0, 0, 0, 1, 'celup', 'Yellow IGK', '', '', 'Green IB', 58, 9356744, 'process', 'belum', 7, 3),
(118, 'hbatik_07052021_210204.svg', 'hbatik_Hp_07052021_210204.svg', '2021-07-05 21:02:06', 'pri', 'pri', 1, 1, 200, 100, 1, 1, 0, 0, 0, 1, 'celup', 'Yellow IGK', '', '', 'Green IB', 59, 1096763, 'process', 'belum', 7, 3),
(119, 'hbatik_07062021_155516.svg', 'hbatik_Hp_07062021_155516.svg', '2021-07-06 15:55:16', 'pri', 'asdas', 1, 2, 200, 100, 1, 1, 0, 0, 0, 1, 'colet', 'Orange HR', 'Yellow IGK', '', 'Green IB', 62, 6357034, 'process', 'belum', 7, 3),
(120, 'hbatik_07262021_201130.svg', 'hbatik_Hp_07262021_201130.svg', '2021-07-26 20:11:30', 'pri', 'asdas', 1, 1, 200, 115, 1, 1, 0, 0, 0, 1, 'celup', 'Yellow IGK', '', '', 'Green IB', 46, 2597905, 'process', 'belum', 7, 3),
(121, 'hbatik_07262021_210446.svg', 'hbatik_Hp_07262021_210446.svg', '2021-07-26 21:04:47', 'pri', 'asdas', 1, 1, 400, 200, 1, 1, 0, 0, 0, 18, 'celup', 'Yellow IGK', '', '', 'Putih', 70, 54174788, 'process', 'belum', 7, 3),
(122, 'hbatik_07292021_135208.svg', 'hbatik_Hp_07292021_135208.svg', '2021-07-29 13:52:09', 'pri', 'Satu jiwa', 1, 2, 400, 200, 1, 1, 0, 0, 0, 1, 'celup', 'Yellow IGK', 'Green IB', '', 'Violet 14R', 73, 2716015, 'process', 'belum', 7, 3),
(123, 'hbatik_10152021_195354.svg', 'hbatik_Hp_10152021_195354.svg', '2021-10-15 19:53:54', 'pri', 'eret', 1, 1, 200, 115, 1, 1, 0, 0, 0, 1, 'celup', 'Yellow IGK', '', '', 'Green IB', 4, 3014144, 'process', 'belum', 7, 3);

-- --------------------------------------------------------

--
-- Table structure for table `tbl_karakter`
--

CREATE TABLE `tbl_karakter` (
  `karakter_id` int(11) NOT NULL,
  `karakter_nama` varchar(25) NOT NULL
) ENGINE=InnoDB DEFAULT CHARSET=utf8;

--
-- Dumping data for table `tbl_karakter`
--

INSERT INTO `tbl_karakter` (`karakter_id`, `karakter_nama`) VALUES
(1, 'abstrak'),
(2, 'agung'),
(3, 'ambigu'),
(4, 'ancaman'),
(5, 'anggun'),
(6, 'angkuh'),
(7, 'antik'),
(8, 'artistik'),
(9, 'ayu'),
(10, 'bahagia'),
(11, 'bangsawan'),
(12, 'berani'),
(13, 'berkarakter'),
(14, 'berulang'),
(15, 'berwibawa'),
(16, 'bijaksana'),
(17, 'burung'),
(18, 'cantik'),
(19, 'ceria'),
(20, 'cinta kasih'),
(21, 'cocok pengisi'),
(22, 'cocok sebagai bingkai'),
(23, 'detail'),
(24, 'dinamis'),
(25, 'elegan'),
(26, 'feminim'),
(27, 'gagah'),
(28, 'garang'),
(29, 'gemulai'),
(30, 'geometris'),
(31, 'handal'),
(32, 'harapan'),
(33, 'indah'),
(34, 'jantan'),
(35, 'kaku'),
(36, 'keabadian'),
(37, 'kearifan'),
(38, 'kebaktian'),
(39, 'kebangsawanan'),
(40, 'keberanian'),
(41, 'kehidupan'),
(42, 'kekanak-kanakan'),
(43, 'kekuatan'),
(44, 'kemujuran'),
(45, 'keperkasaan'),
(46, 'keras'),
(47, 'kesaktian'),
(48, 'keseimbangan'),
(49, 'kesetiaan'),
(50, 'khayal'),
(51, 'klasik'),
(52, 'kompak'),
(53, 'komplementer'),
(54, 'kontemporer'),
(55, 'ksatria'),
(56, 'kuat'),
(57, 'kuno'),
(58, 'kurang detail'),
(59, 'kurang seimbang'),
(60, 'kurang tegas'),
(61, 'langka'),
(62, 'lembut'),
(63, 'lucu'),
(64, 'luwes'),
(65, 'macho'),
(66, 'makmur'),
(67, 'manis'),
(68, 'maskulin'),
(69, 'menakutkan'),
(70, 'menarik'),
(71, 'menawan'),
(72, 'menonjol'),
(73, 'mewah'),
(74, 'minimalis'),
(75, 'modern'),
(76, 'monoton'),
(77, 'motif pinggiran'),
(78, 'natural'),
(79, 'pantang menyerah'),
(80, 'pemimpin'),
(81, 'pengadu domba'),
(82, 'pengulangan'),
(83, 'perkasa'),
(84, 'persatuan'),
(85, 'rasional'),
(86, 'rendah hati'),
(87, 'repetitif'),
(88, 'riang gembira'),
(89, 'romantis'),
(90, 'rumit'),
(91, 'sabar'),
(92, 'sangar'),
(93, 'sederhana'),
(94, 'seimbang'),
(95, 'sejahtera'),
(96, 'senang'),
(97, 'seram'),
(98, 'sigap'),
(99, 'simetris'),
(100, 'simpel'),
(101, 'sombong'),
(102, 'stabil'),
(103, 'statis'),
(104, 'tangguh'),
(105, 'tantangan'),
(106, 'tegas'),
(107, 'tenang'),
(108, 'teratur'),
(109, 'terhormat'),
(110, 'tradisional'),
(111, 'tradisional china'),
(112, 'unik'),
(113, 'unisex'),
(114, 'universal'),
(115, 'ramai'),
(116, 'setia'),
(117, 'intimidatif');

-- --------------------------------------------------------

--
-- Table structure for table `tbl_motif`
--

CREATE TABLE `tbl_motif` (
  `motif_id` int(11) NOT NULL,
  `motif_nama` varchar(25) NOT NULL,
  `motif_file` varchar(25) NOT NULL
) ENGINE=InnoDB DEFAULT CHARSET=utf8;

--
-- Dumping data for table `tbl_motif`
--

INSERT INTO `tbl_motif` (`motif_id`, `motif_nama`, `motif_file`) VALUES
(1, 'AY1', 'AY1.svg'),
(2, 'AY2', 'AY2.svg'),
(3, 'AY3', 'AY3.svg'),
(4, 'AY4', 'AY4.svg'),
(5, 'AY5', 'AY5.svg'),
(6, 'BG1', 'BG1.svg'),
(7, 'BG10', 'BG10.svg'),
(8, 'BG11', 'BG11.svg'),
(9, 'BG12', 'BG12.svg'),
(10, 'BG13', 'BG13.svg'),
(11, 'BG14', 'BG14.svg'),
(12, 'BG15', 'BG15.svg'),
(13, 'BG16', 'BG16.svg'),
(14, 'BG17', 'BG17.svg'),
(15, 'BG18', 'BG18.svg'),
(16, 'BG2', 'BG2.svg'),
(17, 'BG20', 'BG20.svg'),
(18, 'BG21', 'BG21.svg'),
(19, 'BG22', 'BG22.svg'),
(20, 'BG23', 'BG23.svg'),
(21, 'BG24', 'BG24.svg'),
(22, 'BG25', 'BG25.svg'),
(23, 'BG26', 'BG26.svg'),
(24, 'BG27', 'BG27.svg'),
(25, 'BG28', 'BG28.svg'),
(26, 'BG29', 'BG29.svg'),
(27, 'BG3', 'BG3.svg'),
(28, 'BG30', 'BG30.svg'),
(29, 'BG31', 'BG31.svg'),
(30, 'BG32', 'BG32.svg'),
(31, 'BG33', 'BG33.svg'),
(32, 'BG34', 'BG34.svg'),
(33, 'BG35', 'BG35.svg'),
(34, 'BG4', 'BG4.svg'),
(35, 'BG5', 'BG5.svg'),
(36, 'BG6', 'BG6.svg'),
(37, 'BG7', 'BG7.svg'),
(38, 'BG8', 'BG8.svg'),
(39, 'BG9', 'BG9.svg'),
(40, 'C1', 'C1.svg'),
(41, 'C10', 'C10.svg'),
(42, 'C11', 'C11.svg'),
(43, 'C12', 'C12.svg'),
(44, 'C13', 'C13.svg'),
(45, 'C14', 'C14.svg'),
(46, 'C15', 'C15.svg'),
(47, 'C16', 'C16.svg'),
(48, 'C2', 'C2.svg'),
(49, 'C3', 'C3.svg'),
(50, 'C4', 'C4.svg'),
(51, 'C5', 'C5.svg'),
(52, 'C6', 'C6.svg'),
(53, 'C7', 'C7.svg'),
(54, 'C8', 'C8.svg'),
(55, 'C9', 'C9.svg'),
(56, 'GL1', 'GL1.svg'),
(57, 'GL2', 'GL2.svg'),
(58, 'GL3', 'GL3.svg'),
(59, 'GL4', 'GL4.svg'),
(60, 'GL5', 'GL5.svg'),
(61, 'GL6', 'GL6.svg'),
(62, 'GL7', 'GL7.svg'),
(63, 'GSW1', 'GSW1.svg'),
(64, 'GSW10', 'GSW10.svg'),
(65, 'GSW11', 'GSW11.svg'),
(66, 'GSW12', 'GSW12.svg'),
(67, 'GSW13', 'GSW13.svg'),
(68, 'GSW14', 'GSW14.svg'),
(69, 'GSW15', 'GSW15.svg'),
(70, 'GSW16', 'GSW16.svg'),
(71, 'GSW17', 'GSW17.svg'),
(72, 'GSW2', 'GSW2.svg'),
(73, 'GSW3', 'GSW3.svg'),
(74, 'GSW4', 'GSW4.svg'),
(75, 'GSW5', 'GSW5.svg'),
(76, 'GSW6', 'GSW6.svg'),
(77, 'GSW7', 'GSW7.svg'),
(78, 'GSW8', 'GSW8.svg'),
(79, 'GSW9', 'GSW9.svg'),
(80, 'K1', 'K1.svg'),
(81, 'K10', 'K10.svg'),
(82, 'K11', 'K11.svg'),
(83, 'K12', 'K12.svg'),
(84, 'K13', 'K13.svg'),
(85, 'K2', 'K2.svg'),
(86, 'K3', 'K3.svg'),
(87, 'K4', 'K4.svg'),
(88, 'K5', 'K5.svg'),
(89, 'K6', 'K6.svg'),
(90, 'K7', 'K7.svg'),
(91, 'K8', 'K8.svg'),
(92, 'K9', 'K9.svg'),
(93, 'KD5', 'KD5.svg'),
(94, 'KP1', 'KP1.svg'),
(95, 'KP2', 'KP2.svg'),
(96, 'KP3', 'KP3.svg'),
(97, 'KP4', 'KP4.svg'),
(98, 'KP5', 'KP5.svg'),
(99, 'KP6', 'KP6.svg'),
(100, 'KP7', 'KP7.svg'),
(101, 'KPL1', 'KPL1.svg'),
(102, 'KPL2', 'KPL2.svg'),
(103, 'LL3', 'LL3.svg'),
(104, 'LL4', 'LL4.svg'),
(105, 'LL5', 'LL5.svg'),
(106, 'MR1', 'MR1.svg'),
(107, 'MR10', 'MR10.svg'),
(108, 'MR11', 'MR11.svg'),
(109, 'MR12', 'MR12.svg'),
(110, 'MR13', 'MR13.svg'),
(111, 'MR14', 'MR14.svg'),
(112, 'MR2', 'MR2.svg'),
(113, 'MR3', 'MR3.svg'),
(114, 'MR4', 'MR4.svg'),
(115, 'MR5', 'MR5.svg'),
(116, 'MR6', 'MR6.svg'),
(117, 'MR7', 'MR7.svg'),
(118, 'MR8', 'MR8.svg'),
(119, 'MR9', 'MR9.svg'),
(120, 'NG1', 'NG1.svg'),
(121, 'NG2', 'NG2.svg'),
(122, 'NG3', 'NG3.svg'),
(123, 'NG4', 'NG4.svg'),
(124, 'NG6', 'NG6.svg'),
(125, 'SM1', 'SM1.svg'),
(126, 'W1', 'W1.svg'),
(127, 'W2', 'W2.svg'),
(128, 'W3', 'W3.svg'),
(129, 'W4', 'W4.svg'),
(130, 'W5', 'W5.svg'),
(131, 'W6', 'W6.svg'),
(132, 'W7', 'W7.svg');

--
-- Indexes for dumped tables
--

--
-- Indexes for table `customers`
--
ALTER TABLE `customers`
  ADD PRIMARY KEY (`id`);

--
-- Indexes for table `harga_kain`
--
ALTER TABLE `harga_kain`
  ADD PRIMARY KEY (`id`);

--
-- Indexes for table `harga_kirim`
--
ALTER TABLE `harga_kirim`
  ADD PRIMARY KEY (`id`);

--
-- Indexes for table `harga_mesin`
--
ALTER TABLE `harga_mesin`
  ADD PRIMARY KEY (`id`);

--
-- Indexes for table `harga_teknik`
--
ALTER TABLE `harga_teknik`
  ADD PRIMARY KEY (`id`);

--
-- Indexes for table `harga_warna`
--
ALTER TABLE `harga_warna`
  ADD PRIMARY KEY (`id`);

--
-- Indexes for table `jtbl_hasilbatik_motif`
--
ALTER TABLE `jtbl_hasilbatik_motif`
  ADD KEY `hasilbatik_id` (`hasilbatik_id`),
  ADD KEY `motif_id` (`motif_id`);

--
-- Indexes for table `jtbl_motif_karakter`
--
ALTER TABLE `jtbl_motif_karakter`
  ADD KEY `motif_id` (`motif_id`),
  ADD KEY `karakter_id` (`karakter_id`);

--
-- Indexes for table `tbl_algoritma`
--
ALTER TABLE `tbl_algoritma`
  ADD PRIMARY KEY (`algoritma_id`);

--
-- Indexes for table `tbl_hasilbatik`
--
ALTER TABLE `tbl_hasilbatik`
  ADD PRIMARY KEY (`hasilbatik_id`);

--
-- Indexes for table `tbl_karakter`
--
ALTER TABLE `tbl_karakter`
  ADD PRIMARY KEY (`karakter_id`);

--
-- Indexes for table `tbl_motif`
--
ALTER TABLE `tbl_motif`
  ADD PRIMARY KEY (`motif_id`);

--
-- AUTO_INCREMENT for dumped tables
--

--
-- AUTO_INCREMENT for table `customers`
--
ALTER TABLE `customers`
  MODIFY `id` int(10) NOT NULL AUTO_INCREMENT, AUTO_INCREMENT=8;

--
-- AUTO_INCREMENT for table `harga_kain`
--
ALTER TABLE `harga_kain`
  MODIFY `id` int(11) NOT NULL AUTO_INCREMENT, AUTO_INCREMENT=2;

--
-- AUTO_INCREMENT for table `harga_kirim`
--
ALTER TABLE `harga_kirim`
  MODIFY `id` int(10) NOT NULL AUTO_INCREMENT, AUTO_INCREMENT=11;

--
-- AUTO_INCREMENT for table `harga_mesin`
--
ALTER TABLE `harga_mesin`
  MODIFY `id` int(10) NOT NULL AUTO_INCREMENT, AUTO_INCREMENT=3;

--
-- AUTO_INCREMENT for table `harga_teknik`
--
ALTER TABLE `harga_teknik`
  MODIFY `id` int(10) NOT NULL AUTO_INCREMENT, AUTO_INCREMENT=3;

--
-- AUTO_INCREMENT for table `harga_warna`
--
ALTER TABLE `harga_warna`
  MODIFY `id` int(10) NOT NULL AUTO_INCREMENT, AUTO_INCREMENT=12;

--
-- AUTO_INCREMENT for table `tbl_algoritma`
--
ALTER TABLE `tbl_algoritma`
  MODIFY `algoritma_id` int(11) NOT NULL AUTO_INCREMENT, AUTO_INCREMENT=4;

--
-- AUTO_INCREMENT for table `tbl_hasilbatik`
--
ALTER TABLE `tbl_hasilbatik`
  MODIFY `hasilbatik_id` int(11) NOT NULL AUTO_INCREMENT, AUTO_INCREMENT=124;

--
-- AUTO_INCREMENT for table `tbl_karakter`
--
ALTER TABLE `tbl_karakter`
  MODIFY `karakter_id` int(11) NOT NULL AUTO_INCREMENT, AUTO_INCREMENT=118;

--
-- AUTO_INCREMENT for table `tbl_motif`
--
ALTER TABLE `tbl_motif`
  MODIFY `motif_id` int(11) NOT NULL AUTO_INCREMENT, AUTO_INCREMENT=133;

--
-- Constraints for dumped tables
--

--
-- Constraints for table `jtbl_hasilbatik_motif`
--
ALTER TABLE `jtbl_hasilbatik_motif`
  ADD CONSTRAINT `jtbl_hasilbatik_motif_ibfk_3` FOREIGN KEY (`hasilbatik_id`) REFERENCES `tbl_hasilbatik` (`hasilbatik_id`),
  ADD CONSTRAINT `jtbl_hasilbatik_motif_ibfk_4` FOREIGN KEY (`motif_id`) REFERENCES `tbl_motif` (`motif_id`);

--
-- Constraints for table `jtbl_motif_karakter`
--
ALTER TABLE `jtbl_motif_karakter`
  ADD CONSTRAINT `jtbl_motif_karakter_ibfk_2` FOREIGN KEY (`karakter_id`) REFERENCES `tbl_karakter` (`karakter_id`),
  ADD CONSTRAINT `jtbl_motif_karakter_ibfk_3` FOREIGN KEY (`motif_id`) REFERENCES `tbl_motif` (`motif_id`);
COMMIT;

/*!40101 SET CHARACTER_SET_CLIENT=@OLD_CHARACTER_SET_CLIENT */;
/*!40101 SET CHARACTER_SET_RESULTS=@OLD_CHARACTER_SET_RESULTS */;
/*!40101 SET COLLATION_CONNECTION=@OLD_COLLATION_CONNECTION */;
